Player,Team,Pos,RushingAtt,RushingYds,RushingTD,Receptions,ReceivingYds,ReceivingTD,FL,PassingAtt,PassingCmp,PassingYds,PassingTD,TotalInt,TotalSacks,Int,FumblesRecovered,FumblesForced,DefensiveTDs,SafetysForced,PointsAllowed,YardsAgainst,FieldGoalsMade,FieldGoalsAttempted,ExtraPointsMade,
Patrick Mahomes,KC,QB,0,358,4,1,6,0,0,0,0,5250,41,0,0,12,0,0,0,0,0,0,0,0,0,0
Justin Herbert,LAC,QB,0,147,0,2,-10,0,0,0,0,4739,25,0,0,10,0,0,0,0,0,0,0,0,0,0
Tom Brady,TB,QB,0,-1,1,0,0,0,2,0,0,4694,25,0,0,9,0,0,0,0,0,0,0,0,0,0
Kirk Cousins,MIN,QB,0,97,2,0,0,0,0,0,0,4547,29,0,0,14,0,0,0,0,0,0,0,0,0,0
Joe Burrow,CIN,QB,0,257,5,0,0,0,0,0,0,4475,35,0,0,12,0,0,0,0,0,0,0,0,0,0
Jared Goff,DET,QB,0,73,0,1,5,0,1,0,0,4438,29,0,0,7,0,0,0,0,0,0,0,0,0,0
Josh Allen,BUF,QB,0,762,7,0,0,0,2,0,0,4283,35,0,0,14,0,0,0,0,0,0,0,0,0,0
Geno Smith,SEA,QB,0,366,1,0,0,0,2,0,0,4282,30,0,0,11,0,0,0,0,0,0,0,0,0,0
Trevor Lawrence,JAX,QB,0,291,5,0,0,0,4,0,0,4113,25,0,0,8,0,0,0,0,0,0,0,0,0,0
Jalen Hurts,PHI,QB,0,760,13,0,0,0,0,0,0,3701,22,0,0,6,0,0,0,0,0,0,0,0,0,0
Aaron Rodgers,GB,QB,0,94,1,0,0,0,2,0,0,3695,26,0,0,12,0,0,0,0,0,0,0,0,0,0
Tua Tagovailoa,MIA,QB,0,70,0,0,0,0,0,0,0,3548,25,0,0,8,0,0,0,0,0,0,0,0,0,0
Russell Wilson,DEN,QB,0,277,3,1,1,0,0,0,0,3524,16,0,0,11,0,0,0,0,0,0,0,0,0,0
Derek Carr,LV,QB,0,102,0,0,0,0,0,0,0,3522,24,0,0,14,0,0,0,0,0,0,0,0,0,0
Daniel Jones,NYG,QB,0,708,7,0,0,0,1,0,0,3205,15,0,0,5,0,0,0,0,0,0,0,0,0,0
Davis Mills,HOU,QB,0,108,2,0,0,0,1,0,0,3118,17,0,0,15,0,0,0,0,0,0,0,0,0,0
Matt Ryan,IND,QB,0,70,1,0,0,0,2,0,0,3057,14,0,0,13,0,0,0,0,0,0,0,0,0,0
Mac Jones,NE,QB,0,102,1,0,0,0,0,0,0,2997,14,0,0,11,0,0,0,0,0,0,0,0,0,0
Andy Dalton,NO,QB,0,54,0,0,0,0,0,0,0,2871,18,0,0,9,0,0,0,0,0,0,0,0,0,0
Dak Prescott,DAL,QB,0,182,1,0,0,0,1,0,0,2860,23,0,0,15,0,0,0,0,0,0,0,0,0,0
Jacoby Brissett,CLE,QB,0,243,2,0,0,0,1,0,0,2608,12,0,0,6,0,0,0,0,0,0,0,0,0,0
Ryan Tannehill,TEN,QB,0,98,2,0,0,0,1,0,0,2536,13,0,0,6,0,0,0,0,0,0,0,0,0,0
Jimmy Garoppolo,SF,QB,0,33,2,0,0,0,1,0,0,2437,16,0,0,4,0,0,0,0,0,0,0,0,0,0
Kenny Pickett,PIT,QB,0,237,3,0,0,0,0,0,0,2404,7,0,0,9,0,0,0,0,0,0,0,0,0,0
Kyler Murray,ARI,QB,0,418,3,0,0,0,2,0,0,2368,14,0,0,7,0,0,0,0,0,0,0,0,0,0
Lamar Jackson,BAL,QB,0,764,3,0,0,0,1,0,0,2242,17,0,0,7,0,0,0,0,0,0,0,0,0,0
Justin Fields,CHI,QB,0,1143,8,0,0,0,0,0,0,2242,17,0,0,11,0,0,0,0,0,0,0,0,0,0
Marcus Mariota,ATL,QB,0,438,4,0,0,0,2,0,0,2219,15,0,0,9,0,0,0,0,0,0,0,0,0,0
Baker Mayfield,LAR,QB,0,89,1,0,0,0,1,0,0,2163,10,0,0,8,0,0,0,0,0,0,0,0,0,0
Matthew Stafford,LAR,QB,0,9,1,0,0,0,0,0,0,2087,10,0,0,8,0,0,0,0,0,0,0,0,0,0
Taylor Heinicke,WSH,QB,0,96,1,0,0,0,0,0,0,1859,12,0,0,6,0,0,0,0,0,0,0,0,0,0
Carson Wentz,WSH,QB,0,86,1,0,0,0,0,0,0,1755,11,0,0,9,0,0,0,0,0,0,0,0,0,0
Zach Wilson,NYJ,QB,0,102,1,1,2,1,0,0,0,1688,6,0,0,7,0,0,0,0,0,0,0,0,0,0
Brock Purdy,SF,QB,0,13,1,0,0,0,0,0,0,1374,13,0,0,4,0,0,0,0,0,0,0,0,0,0
Mitch Trubisky,PIT,QB,0,38,2,0,0,0,0,0,0,1252,4,0,0,5,0,0,0,0,0,0,0,0,0,0
Mike White,NYJ,QB,0,9,1,0,0,0,0,0,0,1192,3,0,0,4,0,0,0,0,0,0,0,0,0,0
Sam Darnold,CAR,QB,0,106,2,0,0,0,1,0,0,1143,7,0,0,3,0,0,0,0,0,0,0,0,0,0
Deshaun Watson,CLE,QB,0,175,1,0,0,0,0,0,0,1102,7,0,0,5,0,0,0,0,0,0,0,0,0,0
Joe Flacco,NYJ,QB,0,6,0,0,-3,0,0,0,0,1051,5,0,0,3,0,0,0,0,0,0,0,0,0,0
Cooper Rush,DAL,QB,0,6,0,0,0,0,0,0,0,1051,5,0,0,3,0,0,0,0,0,0,0,0,0,0
Jameis Winston,NO,QB,0,16,0,0,0,0,0,0,0,858,4,0,0,5,0,0,0,0,0,0,0,0,0,0
Bailey Zappe,NE,QB,0,0,0,1,-6,0,1,0,0,781,5,0,0,3,0,0,0,0,0,0,0,0,0,0
Colt McCoy,ARI,QB,0,36,0,0,0,0,0,0,0,780,1,0,0,3,0,0,0,0,0,0,0,0,0,0
PJ Walker,CAR,QB,0,39,0,0,0,0,0,0,0,731,3,0,0,3,0,0,0,0,0,0,0,0,0,0
Desmond Ridder,ATL,QB,0,64,0,0,0,0,1,0,0,708,2,0,0,0,0,0,0,0,0,0,0,0,0,0
Teddy Bridgewater,MIA,QB,0,27,0,0,0,0,0,0,0,683,4,0,0,4,0,0,0,0,0,0,0,0,0,0
Gardner Minshew,PHI,QB,0,3,1,0,0,0,1,0,0,663,3,0,0,3,0,0,0,0,0,0,0,0,0,0
Tyler Huntley,BAL,QB,0,137,1,0,0,0,0,0,0,658,2,0,0,3,0,0,0,0,0,0,0,0,0,0
Jarrett Stidham,LV,QB,0,84,0,0,0,0,0,0,0,656,4,0,0,3,0,0,0,0,0,0,0,0,0,0
Sam Ehlinger,IND,QB,0,87,0,0,0,0,0,0,0,573,3,0,0,3,0,0,0,0,0,0,0,0,0,0
Skylar Thompson,MIA,QB,0,21,0,0,0,0,1,0,0,534,1,0,0,3,0,0,0,0,0,0,0,0,0,0
Brett Rypien,DEN,QB,0,7,0,0,0,0,0,0,0,483,2,0,0,4,0,0,0,0,0,0,0,0,0,0
Kyle Allen,HOU,QB,0,13,0,0,0,0,1,0,0,416,2,0,0,4,0,0,0,0,0,0,0,0,0,0
Trace McSorley,ARI,QB,0,61,0,0,0,0,1,0,0,412,0,0,0,5,0,0,0,0,0,0,0,0,0,0
Joshua Dobbs,TEN,QB,0,44,0,0,0,0,0,0,0,411,2,0,0,2,0,0,0,0,0,0,0,0,0,0
David Blough,ARI,QB,0,5,0,0,0,0,0,0,0,402,2,0,0,2,0,0,0,0,0,0,0,0,0,0
John Wolford,LAR,QB,0,32,0,0,0,0,0,0,0,390,1,0,0,3,0,0,0,0,0,0,0,0,0,0
Anthony Brown,BAL,QB,0,-5,0,0,0,0,0,0,0,302,0,0,0,2,0,0,0,0,0,0,0,0,0,0
Malik Willis,TEN,QB,0,123,1,0,0,0,2,0,0,276,0,0,0,3,0,0,0,0,0,0,0,0,0,0
Taysom Hill,NO,TE,0,575,7,9,77,2,0,0,0,240,2,0,0,0,0,0,0,0,0,0,0,0,0,0
Nick Foles,IND,QB,0,8,0,0,0,0,0,0,0,224,0,0,0,4,0,0,0,0,0,0,0,0,0,0
Nick Mullens,MIN,QB,0,8,0,0,0,0,0,0,0,224,1,0,0,1,0,0,0,0,0,0,0,0,0,0
Jordan Love,GB,QB,0,-1,0,0,0,0,0,0,0,195,1,0,0,0,0,0,0,0,0,0,0,0,0,0
Trey Lance,SF,QB,0,67,0,0,0,0,0,0,0,194,0,0,0,1,0,0,0,0,0,0,0,0,0,0
Trevor Siemian,CHI,QB,0,8,0,0,0,0,0,0,0,184,1,0,0,1,0,0,0,0,0,0,0,0,0,0
Sam Howell,WSH,QB,0,35,1,0,0,0,0,0,0,169,1,0,0,1,0,0,0,0,0,0,0,0,0,0
Davis Webb,NYG,QB,0,41,1,0,0,0,0,0,0,168,1,0,0,0,0,0,0,0,0,0,0,0,0,0
Bryce Perkins,LAR,QB,0,90,0,0,0,0,0,0,0,161,1,0,0,2,0,0,0,0,0,0,0,0,0,0
Nathan Peterman,CHI,QB,0,7,0,0,0,0,0,0,0,139,1,0,0,1,0,0,0,0,0,0,0,0,0,0
Jeff Driskel,HOU,QB,0,75,0,1,4,0,0,0,0,108,1,0,0,0,0,0,0,0,0,0,0,0,0,0
Chris Streveler,NYJ,QB,0,54,0,0,0,0,0,0,0,90,0,0,0,0,0,0,0,0,0,0,0,0,0,0
Jacob Eason,SF,QB,0,0,0,0,0,0,0,0,0,59,0,0,0,1,0,0,0,0,0,0,0,0,0,0
Tyrod Taylor,NYG,QB,0,70,0,0,0,0,0,0,0,58,1,0,0,1,0,0,0,0,0,0,0,0,0,0
Chase Daniel,LAC,QB,0,4,0,0,0,0,0,0,0,52,1,0,0,0,0,0,0,0,0,0,0,0,0,0
Brian Hoyer,NE,QB,0,0,0,0,0,0,0,0,0,37,0,0,0,0,0,0,0,0,0,0,0,0,0,0
C.J. Beathard,JAX,QB,0,-4,0,0,0,0,0,0,0,35,0,0,0,1,0,0,0,0,0,0,0,0,0,0
Christian McCaffrey,SF,RB,0,1139,8,85,741,5,0,0,0,34,1,0,0,0,0,0,0,0,0,0,0,0,0,0
Justin Jefferson,MIN,WR,0,24,1,128,1809,8,0,0,0,34,0,0,0,0,0,0,0,0,0,0,0,0,0,0
Tim Boyle,CHI,QB,0,-2,0,0,0,0,0,0,0,33,0,0,0,2,0,0,0,0,0,0,0,0,0,0
Blaine Gabbert,TB,QB,0,0,0,0,0,0,0,0,0,29,1,0,0,0,0,0,0,0,0,0,0,0,0,0
Tyler Boyd,CIN,WR,0,0,0,58,762,5,0,0,0,23,0,0,0,0,0,0,0,0,0,0,0,0,0,0
Kyle Trask,TB,QB,0,0,0,0,0,0,0,0,0,23,0,0,0,0,0,0,0,0,0,0,0,0,0,0
Brandon Allen,CIN,QB,0,-1,0,0,0,0,0,0,0,22,0,0,0,0,0,0,0,0,0,0,0,0,0,0
Riley Dixon,LAR,P,0,0,0,0,0,0,0,0,0,18,0,0,0,0,0,0,0,0,0,0,0,0,0,0
Braden Mann,NYJ,P,0,0,0,0,0,0,0,0,0,17,0,0,0,0,0,0,0,0,0,0,0,0,0,0
Ryan Wright,MIN,P,0,0,0,0,0,0,0,0,0,13,0,0,0,0,0,0,0,0,0,0,0,0,0,0
Josh Johnson,SF,QB,0,3,0,0,0,0,0,0,0,10,0,0,0,0,0,0,0,0,0,0,0,0,0,0
Case Keenum,BUF,QB,0,0,0,0,0,0,0,0,0,8,0,0,0,0,0,0,0,0,0,0,0,0,0,0
Jack Fox,DET,P,0,0,0,0,0,0,0,0,0,6,0,0,0,0,0,0,0,0,0,0,0,0,0,0
Andy Lee,ARI,P,0,0,0,0,0,0,0,0,0,4,0,0,0,0,0,0,0,0,0,0,0,0,0,0
Mack Hollins,LV,WR,0,40,0,57,690,4,0,0,0,4,0,0,0,0,0,0,0,0,0,0,0,0,0,0
Derrick Henry,TEN,RB,0,1538,13,33,398,0,2,0,0,4,1,0,0,0,0,0,0,0,0,0,0,0,0,0
Najee Harris,PIT,RB,0,1034,7,41,229,3,1,0,0,4,0,0,0,0,0,0,0,0,0,0,0,0,0,0
Braxton Berrios,NYJ,WR,0,91,2,18,145,0,0,0,0,2,1,0,0,0,0,0,0,0,0,0,0,0,0,0
Chase Claypool,PIT,WR,0,59,0,46,451,1,0,0,0,1,1,0,0,0,0,0,0,0,0,0,0,0,0,0
Chad Henne,KC,QB,0,-5,0,0,0,0,0,0,0,0,0,0,0,0,0,0,0,0,0,0,0,0,0,0
Rex Burkhead,HOU,RB,0,80,0,37,204,1,0,0,0,0,0,0,0,0,0,0,0,0,0,0,0,0,0,0
Davante Adams,LV,WR,0,-1,0,100,1516,14,0,0,0,0,0,0,0,0,0,0,0,0,0,0,0,0,0,0
Phillip Dorsett,HOU,WR,0,0,0,20,257,1,0,0,0,0,0,0,0,0,0,0,0,0,0,0,0,0,0,0
Amari Cooper,CLE,WR,0,0,0,78,1160,9,0,0,0,0,0,0,0,1,0,0,0,0,0,0,0,0,0,0
Cooper Kupp,LAR,WR,0,52,1,75,812,6,0,0,0,0,0,0,0,0,0,0,0,0,0,0,0,0,0,0
Nate Sudfeld,DET,QB,0,-4,0,0,0,0,0,0,0,0,0,0,0,0,0,0,0,0,0,0,0,0,0,0
Leonard Fournette,TB,RB,0,668,3,73,523,3,0,0,0,0,0,0,0,1,0,0,0,0,0,0,0,0,0,0
Dalvin Cook,MIN,RB,0,1173,8,39,295,2,3,0,0,0,0,0,0,0,0,0,0,0,0,0,0,0,0,0
Christian Kirk,JAX,WR,0,11,0,84,1108,8,0,0,0,0,0,0,0,0,0,0,0,0,0,0,0,0,0,0
Tommy Townsend,KC,P,0,0,0,0,0,0,0,0,0,0,0,0,0,0,0,0,0,0,0,0,0,0,0,0
,,WR,0,0,0,8,62,0,0,0,0,0,0,0,0,1,0,0,0,0,0,0,0,0,0,0
Lawrence Cager,NYG,TE,0,0,0,13,118,1,0,0,0,0,0,0,0,0,0,0,0,0,0,0,0,0,0,0
Jamie Gillan,NYG,P,0,-3,0,0,0,0,0,0,0,0,0,0,0,0,0,0,0,0,0,0,0,0,0,0
Cedrick Wilson Jr.,MIA,WR,0,8,0,12,136,0,0,0,0,0,0,0,0,0,0,0,0,0,0,0,0,0,0,0
DeeJay Dallas,SEA,RB,0,186,0,17,126,0,0,0,0,0,0,0,0,1,0,0,0,0,0,0,0,0,0,0
Ja'Marr Chase,CIN,WR,0,8,0,87,1046,9,0,0,0,0,0,0,0,0,0,0,0,0,0,0,0,0,0,0
Garrett Wilson,NYJ,WR,0,4,0,83,1103,4,0,0,0,0,0,0,0,0,0,0,0,0,0,0,0,0,0,0
Josh Jacobs,LV,RB,0,1653,12,53,400,0,0,0,0,0,0,0,0,0,0,0,0,0,0,0,0,0,0,0
Nick Chubb,CLE,RB,0,1525,12,27,239,1,1,0,0,0,0,0,0,0,0,0,0,0,0,0,0,0,0,0
Saquon Barkley,NYG,RB,0,1312,10,57,338,0,0,0,0,0,0,0,0,0,0,0,0,0,0,0,0,0,0,0
Miles Sanders,PHI,RB,0,1269,11,20,78,0,1,0,0,0,0,0,0,0,0,0,0,0,0,0,0,0,0,0
Travis Etienne Jr.,JAX,RB,0,1125,5,35,316,0,3,0,0,0,0,0,0,0,0,0,0,0,0,0,0,0,0,0
Aaron Jones,GB,RB,0,1121,2,59,395,5,1,0,0,0,0,0,0,0,0,0,0,0,0,0,0,0,0,0
Jamaal Williams,DET,RB,0,1066,17,12,73,0,2,0,0,0,0,0,0,0,0,0,0,0,0,0,0,0,0,0
Kenneth Walker III,SEA,RB,0,1050,9,27,165,0,0,0,0,0,0,0,0,0,0,0,0,0,0,0,0,0,0,0
Rhamondre Stevenson,NE,RB,0,1040,5,69,421,1,1,0,0,0,0,0,0,0,0,0,0,0,0,0,0,0,0,0
Tyler Allgeier,ATL,RB,0,1035,3,16,139,1,0,0,0,0,0,0,0,0,0,0,0,0,0,0,0,0,0,0
Tony Pollard,DAL,RB,0,1007,9,39,371,3,0,0,0,0,0,0,0,0,0,0,0,0,0,0,0,0,0,0
Dameon Pierce,HOU,RB,0,939,4,30,165,1,2,0,0,0,0,0,0,0,0,0,0,0,0,0,0,0,0,0
Austin Ekeler,LAC,RB,0,915,13,107,722,5,2,0,0,0,0,0,0,0,0,0,0,0,0,0,0,0,0,0
D'Onta Foreman,CAR,RB,0,914,5,5,26,0,0,0,0,0,0,0,0,0,0,0,0,0,0,0,0,0,0,0
Alvin Kamara,NO,RB,0,897,2,57,490,2,2,0,0,0,0,0,0,0,0,0,0,0,0,0,0,0,0,0
Raheem Mostert,MIA,RB,0,891,3,31,202,2,1,0,0,0,0,0,0,0,0,0,0,0,0,0,0,0,0,0
Ezekiel Elliott,DAL,RB,0,876,12,17,92,0,0,0,0,0,0,0,0,0,0,0,0,0,0,0,0,0,0,0
Jonathan Taylor,IND,RB,0,861,4,28,143,0,3,0,0,0,0,0,0,0,0,0,0,0,0,0,0,0,0,0
Jeff Wilson Jr.SF/,MIA,RB,0,860,5,22,185,1,1,0,0,0,0,0,0,0,0,0,0,0,0,0,0,0,0,0
Isiah Pacheco,KC,RB,0,830,5,13,130,0,2,0,0,0,0,0,0,0,0,0,0,0,0,0,0,0,0,0
Devin Singletary,BUF,RB,0,819,5,38,280,1,3,0,0,0,0,0,0,0,0,0,0,0,0,0,0,0,0,0
Joe Mixon,CIN,RB,0,814,7,60,441,2,0,0,0,0,0,0,0,0,0,0,0,0,0,0,0,0,0,0
David Montgomery,CHI,RB,0,801,5,34,316,1,1,0,0,0,0,0,0,0,0,0,0,0,0,0,0,0,0,0
Brian Robinson Jr.,WSH,RB,0,797,2,9,60,1,0,0,0,0,0,0,0,0,0,0,0,0,0,0,0,0,0,0
Cam Akers,LAR,RB,0,786,7,13,117,0,2,0,0,0,0,0,0,0,0,0,0,0,0,0,0,0,0,0
James Conner,ARI,RB,0,782,7,46,300,1,1,0,0,0,0,0,0,0,0,0,0,0,0,0,0,0,0,0
AJ Dillon,GB,RB,0,770,7,28,206,0,0,0,0,0,0,0,0,0,0,0,0,0,0,0,0,0,0,0
Latavius Murray,NO,RB,0,760,6,27,132,0,0,0,0,0,0,0,0,0,0,0,0,0,0,0,0,0,0,0
Khalil Herbert,CHI,RB,0,731,4,9,57,1,0,0,0,0,0,0,0,0,0,0,0,0,0,0,0,0,0,0
Cordarrelle Patterson,ATL,RB,0,695,8,21,122,0,1,0,0,0,0,0,0,0,0,0,0,0,0,0,0,0,0,0
Antonio Gibson,WSH,RB,0,546,3,46,353,2,0,0,0,0,0,0,0,0,0,0,0,0,0,0,0,0,0,0
D'Andre Swift,DET,RB,0,542,5,48,389,3,0,0,0,0,0,0,0,0,0,0,0,0,0,0,0,0,0,0
J.K. Dobbins,BAL,RB,0,520,2,7,42,1,0,0,0,0,0,0,0,0,0,0,0,0,0,0,0,0,0,0
James Cook,BUF,RB,0,507,2,21,180,1,1,0,0,0,0,0,0,0,0,0,0,0,0,0,0,0,0,0
Kenyan Drake,BAL,RB,0,482,4,17,89,1,0,0,0,0,0,0,0,0,0,0,0,0,0,0,0,0,0,0
Rachaad White,TB,RB,0,481,1,50,290,2,1,0,0,0,0,0,0,0,0,0,0,0,0,0,0,0,0,0
Kareem Hunt,CLE,RB,0,468,3,35,210,1,0,0,0,0,0,0,0,0,0,0,0,0,0,0,0,0,0,0
Chuba Hubbard,CAR,RB,0,466,2,14,171,0,0,0,0,0,0,0,0,0,0,0,0,0,0,0,0,0,0,0
Breece Hall,NYJ,RB,0,463,4,19,218,1,0,0,0,0,0,0,0,0,0,0,0,0,0,0,0,0,0,0
Damien Harris,NE,RB,0,462,3,17,97,0,0,0,0,0,0,0,0,0,0,0,0,0,0,0,0,0,0,0
Zack Moss,IND,RB,0,456,1,11,39,0,1,0,0,0,0,0,0,0,0,0,0,0,0,0,0,0,0,0
Gus Edwards,BAL,RB,0,433,3,0,0,0,1,0,0,0,0,0,0,0,0,0,0,0,0,0,0,0,0,0
James Robinson,JAX,RB,0,425,3,11,51,2,0,0,0,0,0,0,0,0,0,0,0,0,0,0,0,0,0,0
Michael Carter,NYJ,RB,0,402,3,41,288,0,1,0,0,0,0,0,0,0,0,0,0,0,0,0,0,0,0,0
Samaje Perine,CIN,RB,0,394,2,38,287,4,0,0,0,0,0,0,0,0,0,0,0,0,0,0,0,0,0,0
Jaylen Warren,PIT,RB,0,379,1,28,214,0,0,0,0,0,0,0,0,0,0,0,0,0,0,0,0,0,0,0
Caleb Huntley,ATL,RB,0,366,1,2,3,0,0,0,0,0,0,0,0,0,0,0,0,0,0,0,0,0,0,0
Rashaad Penny,SEA,RB,0,346,2,4,16,0,0,0,0,0,0,0,0,0,0,0,0,0,0,0,0,0,0,0
Melvin Gordon IIIK,C,RB,0,318,2,25,223,0,2,0,0,0,0,0,0,0,0,0,0,0,0,0,0,0,0,0
Eno Benjamin,ARI,RB,0,313,2,25,193,0,0,0,0,0,0,0,0,0,0,0,0,0,0,0,0,0,0,0
Clyde Edwards-Helaire,KC,RB,0,302,3,17,151,3,0,0,0,0,0,0,0,0,0,0,0,0,0,0,0,0,0,0
Zonovan Knight,NYJ,RB,0,300,1,13,100,0,0,0,0,0,0,0,0,0,0,0,0,0,0,0,0,0,0,0
Jerick McKinnon,KC,RB,0,291,1,56,512,9,0,0,0,0,0,0,0,0,0,0,0,0,0,0,0,0,0,0
Joshua Kelley,LAC,RB,0,287,2,14,101,0,0,0,0,0,0,0,0,0,0,0,0,0,0,0,0,0,0,0
Darrell Henderson ,Jr.JAX,RB,0,283,3,17,102,0,0,0,0,0,0,0,0,0,0,0,0,0,0,0,0,0,0,0
Alexander Mattison,MIN,RB,0,283,5,15,91,1,0,0,0,0,0,0,0,0,0,0,0,0,0,0,0,0,0,0
Elijah Mitchell,SF,RB,0,279,2,3,7,0,0,0,0,0,0,0,0,0,0,0,0,0,0,0,0,0,0,0
Justice Hill,BAL,RB,0,262,0,12,58,0,1,0,0,0,0,0,0,0,0,0,0,0,0,0,0,0,0,0
Jordan Mason,SF,RB,0,258,1,0,0,0,0,0,0,0,0,0,0,0,0,0,0,0,0,0,0,0,0,0
Chase Edmonds,MIA,RB,0,245,2,16,157,1,0,0,0,0,0,0,0,0,0,0,0,0,0,0,0,0,0,0
Kenneth Gainwell,PHI,RB,0,240,4,23,169,0,0,0,0,0,0,0,0,0,0,0,0,0,0,0,0,0,0,0
Deon Jackson,IND,RB,0,236,1,30,209,1,1,0,0,0,0,0,0,0,0,0,0,0,0,0,0,0,0,0
Mark Ingram I,INO,RB,0,233,1,16,68,0,1,0,0,0,0,0,0,0,0,0,0,0,0,0,0,0,0,0
Deebo Samuel,SF,WR,0,232,3,56,632,2,2,0,0,0,0,0,0,0,0,0,0,0,0,0,0,0,0,0
Matt Breida,NYG,RB,0,220,1,20,118,0,0,0,0,0,0,0,0,0,0,0,0,0,0,0,0,0,0,0
Boston Scott,PHI,RB,0,217,3,5,15,0,0,0,0,0,0,0,0,0,0,0,0,0,0,0,0,0,0,0
Javonte Williams,DEN,RB,0,204,0,16,76,0,1,0,0,0,0,0,0,0,0,0,0,0,0,0,0,0,0,0
JaMycal Hasty,JAX,RB,0,194,2,20,126,1,0,0,0,0,0,0,0,0,0,0,0,0,0,0,0,0,0,0
Curtis Samuel,WSH,WR,0,187,1,64,656,4,1,0,0,0,0,0,0,0,0,0,0,0,0,0,0,0,0,0
Justin Jackson,DET,RB,0,170,1,12,101,1,0,0,0,0,0,0,0,0,0,0,0,0,0,0,0,0,0,0
Malik Davis,DAL,RB,0,161,1,6,63,0,0,0,0,0,0,0,0,0,0,0,0,0,0,0,0,0,0,0
Ty Johnson,NYJ,RB,0,160,1,12,88,0,0,0,0,0,0,0,0,0,0,0,0,0,0,0,0,0,0,0
Jonathan Williams,WSH,RB,0,152,0,7,40,0,0,0,0,0,0,0,0,0,0,0,0,0,0,0,0,0,0,0
Dontrell Hilliard,TEN,RB,0,145,0,21,177,4,0,0,0,0,0,0,0,0,0,0,0,0,0,0,0,0,0,0
Gary Brightwell,NYG,RB,0,141,1,5,39,0,0,0,0,0,0,0,0,0,0,0,0,0,0,0,0,0,0,0
Kyren Williams,LAR,RB,0,139,0,9,76,0,0,0,0,0,0,0,0,0,0,0,0,0,0,0,0,0,0,0
Dare Ogunbowale,HOU,RB,0,123,1,20,104,0,0,0,0,0,0,0,0,0,0,0,0,0,0,0,0,0,0,0
Royce Freeman,HOU,RB,0,117,0,6,33,0,1,0,0,0,0,0,0,0,0,0,0,0,0,0,0,0,0,0
Avery Williams,ATL,CB,0,109,1,13,61,0,0,0,0,0,0,0,0,0,0,0,0,0,0,0,0,0,0,0
Sony Michel,LAC,RB,0,106,0,9,53,0,0,0,0,0,0,0,0,0,0,0,0,0,0,0,0,0,0,0
,,WR,0,103,1,7,107,1,1,0,0,0,0,0,0,0,0,0,0,0,0,0,0,0,0,0
Darrel Williams,ARI,RB,0,102,1,4,9,0,0,0,0,0,0,0,0,0,0,0,0,0,0,0,0,0,0,0
Mike Boone,DEN,RB,0,102,0,9,96,0,0,0,0,0,0,0,0,0,0,0,0,0,0,0,0,0,0,0
Craig Reynolds,DET,RB,0,102,0,9,116,0,0,0,0,0,0,0,0,0,0,0,0,0,0,0,0,0,0,0
Pierre Strong Jr.N,E,RB,0,100,1,7,42,0,0,0,0,0,0,0,0,0,0,0,0,0,0,0,0,0,0,0
Tyrion Davis-Price,SF,RB,0,99,0,0,0,0,0,0,0,0,0,0,0,0,0,0,0,0,0,0,0,0,0,0
J.D. McKissic,WSH,RB,0,95,0,27,173,0,0,0,0,0,0,0,0,0,0,0,0,0,0,0,0,0,0,0
Amon-Ra St. BrownD,ET,WR,0,95,0,106,1161,6,0,0,0,0,0,0,0,0,0,0,0,0,0,0,0,0,0,0
Hassan Haskins,TEN,RB,0,93,0,11,57,0,0,0,0,0,0,0,0,0,0,0,0,0,0,0,0,0,0,0
,,RB,0,90,1,2,17,0,0,0,0,0,0,0,0,0,0,0,0,0,0,0,0,0,0,0
Jamal Agnew,JAX,WR,0,86,0,23,187,3,0,0,0,0,0,0,0,0,0,0,0,0,0,0,0,0,0,0
Marlon Mack,DEN,RB,0,84,1,8,99,1,0,0,0,0,0,0,0,0,0,0,0,0,0,0,0,0,0,0
Devin Duvernay,BAL,WR,0,84,1,37,407,3,0,0,0,0,0,0,0,0,0,0,0,0,0,0,0,0,0,0
Kadarius Toney,KC,WR,0,82,1,16,171,2,0,0,0,0,0,0,0,0,0,0,0,0,0,0,0,0,0,0
Malcolm Brown,LAR,RB,0,81,1,5,37,0,0,0,0,0,0,0,0,0,0,0,0,0,0,0,0,0,0,0
Brandon Powell,LAR,WR,0,80,0,24,156,0,0,0,0,0,0,0,0,0,0,0,0,0,0,0,0,0,0,0
Christian Watson,GB,WR,0,80,2,41,611,7,0,0,0,0,0,0,0,0,0,0,0,0,0,0,0,0,0,0
Ray-Ray McCloud II,ISF,WR,0,78,1,14,243,1,0,0,0,0,0,0,0,0,0,0,0,0,0,0,0,0,0,0
Jaret Patterson,WSH,RB,0,78,0,0,0,0,0,0,0,0,0,0,0,0,0,0,0,0,0,0,0,0,0,0
Raheem Blackshear,CAR,RB,0,77,3,10,93,0,0,0,0,0,0,0,0,0,0,0,0,0,0,0,0,0,0,0
Travis Homer,SEA,RB,0,74,0,16,157,1,0,0,0,0,0,0,0,0,0,0,0,0,0,0,0,0,0,0
Ronald Jones,KC,RB,0,70,1,1,22,0,0,0,0,0,0,0,0,0,0,0,0,0,0,0,0,0,0,0
Steven Sims,PIT,WR,0,70,0,14,104,0,0,0,0,0,0,0,0,0,0,0,0,0,0,0,0,0,0,0
Zamir White,LV,RB,0,70,0,0,0,0,0,0,0,0,0,0,0,0,0,0,0,0,0,0,0,0,0,0
Brandon Bolden,LV,RB,0,66,0,9,57,1,0,0,0,0,0,0,0,0,0,0,0,0,0,0,0,0,0,0
Laviska Shenault J,r.CAR,WR,0,65,1,27,272,1,0,0,0,0,0,0,0,0,0,0,0,0,0,0,0,0,0,0
Darrynton Evans,CHI,RB,0,64,0,1,33,0,0,0,0,0,0,0,0,0,0,0,0,0,0,0,0,0,0,0
Salvon Ahmed,MIA,RB,0,64,1,1,8,0,0,0,0,0,0,0,0,0,0,0,0,0,0,0,0,0,0,0
Keaontay Ingram,ARI,RB,0,60,1,4,21,0,0,0,0,0,0,0,0,0,0,0,0,0,0,0,0,0,0,0
Jordan Wilkins,IND,RB,0,58,0,6,29,0,0,0,0,0,0,0,0,0,0,0,0,0,0,0,0,0,0,0
Parris Campbell,IND,WR,0,58,0,63,623,3,0,0,0,0,0,0,0,0,0,0,0,0,0,0,0,0,0,0
Rashid Shaheed,NO,WR,0,57,1,28,488,2,0,0,0,0,0,0,0,0,0,0,0,0,0,0,0,0,0,0
Anthony Schwartz,CLE,WR,0,57,1,4,51,0,0,0,0,0,0,0,0,0,0,0,0,0,0,0,0,0,0,0
Corey Clement,ARI,RB,0,55,1,5,54,0,0,0,0,0,0,0,0,0,0,0,0,0,0,0,0,0,0,0
Isaiah McKenzie,BUF,WR,0,55,1,42,423,4,0,0,0,0,0,0,0,0,0,0,0,0,0,0,0,0,0,0
C.J. Moore,DET,S,0,55,0,0,0,0,0,0,0,0,0,0,0,0,0,0,0,0,0,0,0,0,0,0
Equanimeous St. Br,ownCHI,WR,0,54,0,21,323,1,0,0,0,0,0,0,0,0,0,0,0,0,0,0,0,0,0,0
Trestan Ebner,CHI,RB,0,54,0,2,8,0,0,0,0,0,0,0,0,0,0,0,0,0,0,0,0,0,0,0
DJ Moore,CAR,WR,0,53,0,63,888,7,0,0,0,0,0,0,0,0,0,0,0,0,0,0,0,0,0,0
Ke'Shawn Vaughn,TB,RB,0,53,0,3,19,0,0,0,0,0,0,0,0,0,0,0,0,0,0,0,0,0,0,0
Kevin Harris,NE,RB,0,52,1,0,0,0,0,0,0,0,0,0,0,0,0,0,0,0,0,0,0,0,0,0
Phillip Lindsay,IND,RB,0,49,0,6,19,0,0,0,0,0,0,0,0,0,0,0,0,0,0,0,0,0,0,0
CeeDee Lamb,DAL,WR,0,47,0,107,1359,9,0,0,0,0,0,0,0,0,0,0,0,0,0,0,0,0,0,0
Treylon Burks,TEN,WR,0,47,0,33,444,1,0,0,0,0,0,0,0,0,0,0,0,0,0,0,0,0,0,0
Julio Jones,TB,WR,0,45,0,24,299,2,0,0,0,0,0,0,0,0,0,0,0,0,0,0,0,0,0,0
Greg Dortch,ARI,WR,0,44,0,52,467,2,0,0,0,0,0,0,0,0,0,0,0,0,0,0,0,0,0,0
Spencer Brown,CAR,RB,0,43,0,2,10,0,0,0,0,0,0,0,0,0,0,0,0,0,0,0,0,0,0,0
Snoop Conner,JAX,RB,0,42,1,0,0,0,0,0,0,0,0,0,0,0,0,0,0,0,0,0,0,0,0,0
Isaiah Spiller,LAC,RB,0,41,0,3,13,0,0,0,0,0,0,0,0,0,0,0,0,0,0,0,0,0,0,0
Jerry Jeudy,DEN,WR,0,40,0,67,972,6,0,0,0,0,0,0,0,0,0,0,0,0,0,0,0,0,0,0
Jameson Williams,DET,WR,0,40,0,1,41,1,0,0,0,0,0,0,0,0,0,0,0,0,0,0,0,0,0,0
Kendrick Bourne,NE,WR,0,39,0,35,434,1,0,0,0,0,0,0,0,0,0,0,0,0,0,0,0,0,0,0
Gunner Olszewski,PIT,WR,0,39,0,5,53,0,0,0,0,0,0,0,0,0,0,0,0,0,0,0,0,0,0,0
Dwayne Washington,NO,RB,0,38,0,1,7,0,0,0,0,0,0,0,0,0,0,0,0,0,0,0,0,0,0,0
Dante Pettis,CHI,WR,0,37,0,19,245,3,0,0,0,0,0,0,0,0,0,0,0,0,0,0,0,0,0,0
Kalif Raymond,DET,WR,0,36,0,47,616,0,0,0,0,0,0,0,0,0,0,0,0,0,0,0,0,0,0,0
Tutu Atwell,LAR,WR,0,34,1,18,298,1,0,0,0,0,0,0,0,0,0,0,0,0,0,0,0,0,0,0
Nyheim Hines,IND,RB,0,33,1,30,241,1,0,0,0,0,0,0,0,0,0,0,0,0,0,0,0,0,0,0
Tyreek Hill,MIA,WR,0,32,1,119,1710,7,0,0,0,0,0,0,0,0,0,0,0,0,0,0,0,0,0,0
Mecole Hardman,KC,WR,0,31,2,25,297,4,0,0,0,0,0,0,0,0,0,0,0,0,0,0,0,0,0,0
Patrick Taylor,GB,RB,0,31,0,1,17,0,0,0,0,0,0,0,0,0,0,0,0,0,0,0,0,0,0,0
Trayveon Williams,CIN,RB,0,30,0,2,30,0,0,0,0,0,0,0,0,0,0,0,0,0,0,0,0,0,0,0
Michael Pittman Jr,.IND,WR,0,30,0,99,925,4,0,0,0,0,0,0,0,0,0,0,0,0,0,0,0,0,0,0
Anthony McFarland ,Jr.PIT,RB,0,30,0,2,11,0,0,0,0,0,0,0,0,0,0,0,0,0,0,0,0,0,0,0
Montrell Washington,DEN,WR,0,30,0,4,2,0,0,0,0,0,0,0,0,0,0,0,0,0,0,0,0,0,0,0
Terry McLaurin,WSH,WR,0,29,0,77,1191,5,0,0,0,0,0,0,0,0,0,0,0,0,0,0,0,0,0,0
Giovani Bernard,TB,RB,0,28,0,2,-1,0,0,0,0,0,0,0,0,0,0,0,0,0,0,0,0,0,0,0
Connor Heyward,PIT,TE,0,27,0,12,151,1,0,0,0,0,0,0,0,0,0,0,0,0,0,0,0,0,0,0
Kyle Juszczyk,SF,FB,0,26,1,19,200,1,0,0,0,0,0,0,0,0,0,0,0,0,0,0,0,0,0,0
Tevin Coleman,SF,RB,0,26,1,3,44,1,0,0,0,0,0,0,0,0,0,0,0,0,0,0,0,0,0,0
Myles Gaskin,MIA,RB,0,26,0,4,28,0,0,0,0,0,0,0,0,0,0,0,0,0,0,0,0,0,0,0
DJ Turner,LV,WR,0,26,0,0,0,0,0,0,0,0,0,0,0,0,0,0,0,0,0,0,0,0,0,0
Armani Rogers,WSH,TE,0,26,0,5,64,0,0,0,0,0,0,0,0,0,0,0,0,0,0,0,0,0,0,0
Jaylen Waddle,MIA,WR,0,26,0,75,1356,8,0,0,0,0,0,0,0,0,0,0,0,0,0,0,0,0,0,0
Deven Thompkins,TB,WR,0,26,0,5,32,0,0,0,0,0,0,0,0,0,0,0,0,0,0,0,0,0,0,0
Diontae Johnson,PIT,WR,0,25,0,86,882,0,0,0,0,0,0,0,0,0,0,0,0,0,0,0,0,0,0,0
Jonathan Ward,ARI,RB,0,25,0,2,7,0,0,0,0,0,0,0,0,0,0,0,0,0,0,0,0,0,0,0
Jalen Reagor,MIN,WR,0,25,0,8,104,1,0,0,0,0,0,0,0,0,0,0,0,0,0,0,0,0,0,0
David Johnson,NO,RB,0,24,0,4,47,0,1,0,0,0,0,0,0,0,0,0,0,0,0,0,0,0,0,0
Tony Jones Jr.SEA/,NO,RB,0,24,0,5,30,0,0,0,0,0,0,0,0,0,0,0,0,0,0,0,0,0,0,0
George Pickens,PIT,WR,0,24,1,52,801,4,0,0,0,0,0,0,0,0,0,0,0,0,0,0,0,0,0,0
Skyy Moore,KC,WR,0,24,0,22,250,0,0,0,0,0,0,0,0,0,0,0,0,0,0,0,0,0,0,0
KJ Hamler,DEN,WR,0,23,0,7,165,0,0,0,0,0,0,0,0,0,0,0,0,0,0,0,0,0,0,0
Brandon Aiyuk,SF,WR,0,23,0,78,1015,8,0,0,0,0,0,0,0,0,0,0,0,0,0,0,0,0,0,0
Derek Watt,PIT,FB,0,21,1,5,11,1,0,0,0,0,0,0,0,0,0,0,0,0,0,0,0,0,0,0
Ronnie Rivers,LAR,RB,0,21,0,5,29,0,0,0,0,0,0,0,0,0,0,0,0,0,0,0,0,0,0,0
Ameer Abdullah,LV,RB,0,20,0,25,211,1,0,0,0,0,0,0,0,0,0,0,0,0,0,0,0,0,0,0
Ty Chandler,MIN,RB,0,20,0,0,0,0,0,0,0,0,0,0,0,0,0,0,0,0,0,0,0,0,0,0
Larry Rountree III,LAC,RB,0,19,0,2,14,0,0,0,0,0,0,0,0,0,0,0,0,0,0,0,0,0,0,0
Trey Sermon,PHI,RB,0,19,0,0,0,0,0,0,0,0,0,0,0,0,0,0,0,0,0,0,0,0,0,0
Mike Davis,BAL,RB,0,18,0,2,4,0,0,0,0,0,0,0,0,0,0,0,0,0,0,0,0,0,0,0
Zay Jones,JAX,WR,0,18,0,82,823,5,0,0,0,0,0,0,0,0,0,0,0,0,0,0,0,0,0,0
D'Ernest Johnson,CLE,RB,0,17,0,3,7,0,0,0,0,0,0,0,0,0,0,0,0,0,0,0,0,0,0,0
KaVontae Turpin,DAL,WR,0,17,0,1,9,0,0,0,0,0,0,0,0,0,0,0,0,0,0,0,0,0,0,0
Ben Skowronek,LAR,WR,0,17,1,39,376,0,0,0,0,0,0,0,0,0,0,0,0,0,0,0,0,0,0,0
Patrick Ricard,BAL,FB,0,16,0,11,74,0,0,0,0,0,0,0,0,0,0,0,0,0,0,0,0,0,0,0
Tyquan Thornton,NE,WR,0,16,1,22,247,2,0,0,0,0,0,0,0,0,0,0,0,0,0,0,0,0,0,0
Trent Taylor,CIN,WR,0,15,0,6,62,0,0,0,0,0,0,0,0,0,0,0,0,0,0,0,0,0,0,0
Pharoh Cooper,ARI,WR,0,15,0,2,6,0,0,0,0,0,0,0,0,0,0,0,0,0,0,0,0,0,0,0
Dyami Brown,WSH,WR,0,15,0,5,143,2,0,0,0,0,0,0,0,0,0,0,0,0,0,0,0,0,0,0
Kene Nwangwu,MIN,RB,0,14,0,2,21,0,0,0,0,0,0,0,0,0,0,0,0,0,0,0,0,0,0,0
Evan Engram,JAX,TE,0,13,0,73,766,4,0,0,0,0,0,0,0,0,0,0,0,0,0,0,0,0,0,0
Kendall Hinton,DEN,WR,0,13,0,24,311,0,0,0,0,0,0,0,0,0,0,0,0,0,0,0,0,0,0,0
Julius Chestnut,TEN,RB,0,12,0,3,41,0,0,0,0,0,0,0,0,0,0,0,0,0,0,0,0,0,0,0
Jerome Ford,CLE,RB,0,12,0,0,0,0,0,0,0,0,0,0,0,0,0,0,0,0,0,0,0,0,0,0
Trenton Irwin,CIN,WR,0,11,0,15,231,4,0,0,0,0,0,0,0,0,0,0,0,0,0,0,0,0,0,0
Romeo Doubs,GB,WR,0,11,0,42,425,3,0,0,0,0,0,0,0,0,0,0,0,0,0,0,0,0,0,0
Dee Eskridge,SEA,WR,0,10,0,7,58,0,0,0,0,0,0,0,0,0,0,0,0,0,0,0,0,0,0,0
Adam Prentice,NO,FB,0,9,0,3,9,0,0,0,0,0,0,0,0,0,0,0,0,0,0,0,0,0,0,0
J.J. Taylor,NE,RB,0,9,0,1,8,0,0,0,0,0,0,0,0,0,0,0,0,0,0,0,0,0,0,0
Cole Kmet,CHI,TE,0,9,0,50,544,7,0,0,0,0,0,0,0,0,0,0,0,0,0,0,0,0,0,0
Danny Gray,SF,WR,0,9,0,1,10,0,0,0,0,0,0,0,0,0,0,0,0,0,0,0,0,0,0,0
Keenan Allen,LAC,WR,0,8,0,66,752,4,0,0,0,0,0,0,0,0,0,0,0,0,0,0,0,0,0,0
Mark Andrews,BAL,TE,0,8,0,73,847,5,0,0,0,0,0,0,0,0,0,0,0,0,0,0,0,0,0,0
Reggie Bonnafon,WSH,RB,0,8,0,0,0,0,0,0,0,0,0,0,0,0,0,0,0,0,0,0,0,0,0,0
Scotty Miller,TB,WR,0,8,0,23,185,0,0,0,0,0,0,0,0,0,0,0,0,0,0,0,0,0,0,0
Alec Ingold,MIA,FB,0,8,1,15,105,1,0,0,0,0,0,0,0,0,0,0,0,0,0,0,0,0,0,0
Harrison Bryant,CLE,TE,0,8,0,31,239,1,0,0,0,0,0,0,0,0,0,0,0,0,0,0,0,0,0,0
Ashton Dulin,IND,WR,0,8,0,15,207,1,0,0,0,0,0,0,0,0,0,0,0,0,0,0,0,0,0,0
Zander Horvath,LAC,FB,0,8,0,5,8,2,0,0,0,0,0,0,0,0,0,0,0,0,0,0,0,0,0,0
Brandin Cooks,HOU,WR,0,7,0,57,699,3,0,0,0,0,0,0,0,0,0,0,0,0,0,0,0,0,0,0
Michael Burton,KC,FB,0,7,0,2,11,0,0,0,0,0,0,0,0,0,0,0,0,0,0,0,0,0,0,0
Olamide Zaccheaus,ATL,WR,0,7,0,40,533,3,0,0,0,0,0,0,0,0,0,0,0,0,0,0,0,0,0,0
C.J. Ham,MIN,FB,0,7,2,10,86,0,0,0,0,0,0,0,0,0,0,0,0,0,0,0,0,0,0,0
Amari Rodgers,HOU,WR,0,7,0,16,204,1,0,0,0,0,0,0,0,0,0,0,0,0,0,0,0,0,0,0
Kylin Hill,GB,RB,0,7,0,0,0,0,0,0,0,0,0,0,0,0,0,0,0,0,0,0,0,0,0,0
Richie James,NYG,WR,0,6,0,57,569,4,0,0,0,0,0,0,0,0,0,0,0,0,0,0,0,0,0,0
K.J. Osborn,MIN,WR,0,6,0,60,650,5,0,0,0,0,0,0,0,0,0,0,0,0,0,0,0,0,0,0
Marquise Goodwin,SEA,WR,0,5,0,27,387,4,0,0,0,0,0,0,0,0,0,0,0,0,0,0,0,0,0,0
Travis Kelce,KC,TE,0,5,0,110,1338,12,0,0,0,0,0,0,0,0,0,0,0,0,0,0,0,0,0,0
Jonnu Smith,NE,TE,0,5,0,27,245,0,0,0,0,0,0,0,0,0,0,0,0,0,0,0,0,0,0,0
Chris Godwin,TB,WR,0,5,0,104,1023,3,0,0,0,0,0,0,0,0,0,0,0,0,0,0,0,0,0,0
Courtland Sutton,DEN,WR,0,5,0,64,829,2,0,0,0,0,0,0,0,0,0,0,0,0,0,0,0,0,0,0
Elijah Moore,NYJ,WR,0,5,0,37,446,1,0,0,0,0,0,0,0,0,0,0,0,0,0,0,0,0,0,0
Adam Thielen,MIN,WR,0,4,0,70,716,6,0,0,0,0,0,0,0,0,0,0,0,0,0,0,0,0,0,0
Duke Johnson,BUF,RB,0,4,0,0,0,0,0,0,0,0,0,0,0,0,0,0,0,0,0,0,0,0,0,0
Godwin Igwebuike,SEA,RB,0,4,0,1,3,0,0,0,0,0,0,0,0,0,0,0,0,0,0,0,0,0,0,0
Marcus Allen,PIT,LB,0,4,0,0,0,0,0,0,0,0,0,0,0,0,0,0,0,0,0,0,0,0,0,0
Jason Cabinda,DET,FB,0,4,0,1,5,0,0,0,0,0,0,0,0,0,0,0,0,0,0,0,0,0,0,0
Devine Ozigbo,DEN,RB,0,4,0,1,3,0,0,0,0,0,0,0,0,0,0,0,0,0,0,0,0,0,0,0
Racey McMath,TEN,WR,0,4,0,2,40,0,0,0,0,0,0,0,0,0,0,0,0,0,0,0,0,0,0,0
Joshua Palmer,LAC,WR,0,4,0,72,769,3,0,0,0,0,0,0,0,0,0,0,0,0,0,0,0,0,0,0
Nick Bellore,SEA,LB,0,3,0,0,0,0,0,0,0,0,0,0,0,0,0,0,0,0,0,0,0,0,0,0
Chris Moore,HOU,WR,0,3,0,48,548,2,0,0,0,0,0,0,0,0,0,0,0,0,0,0,0,0,0,0
M.J. Stewart,HOU,S,0,3,0,0,0,0,0,0,0,0,0,0,0,0,0,0,0,0,0,0,0,0,0,0
Tyler Conklin,NYJ,TE,0,3,0,58,552,3,0,0,0,0,0,0,0,0,0,0,0,0,0,0,0,0,0,0
Keith Smith,ATL,FB,0,2,0,1,8,0,0,0,0,0,0,0,0,0,0,0,0,0,0,0,0,0,0,0
Damien Williams,ATL,RB,0,2,0,0,0,0,0,0,0,0,0,0,0,0,0,0,0,0,0,0,0,0,0,0
Sean Chandler,CAR,S,0,2,0,0,0,0,0,0,0,0,0,0,0,0,0,0,0,0,0,0,0,0,0,0
Foster Moreau,LV,TE,0,2,0,33,420,2,1,0,0,0,0,0,0,0,0,0,0,0,0,0,0,0,0,0
Ashtyn Davis,NYJ,S,0,2,0,0,0,0,0,0,0,0,0,0,0,0,0,0,0,0,0,0,0,0,0,0
Darnell Mooney,CHI,WR,0,2,0,40,493,2,0,0,0,0,0,0,0,0,0,0,0,0,0,0,0,0,0,0
Jaelon Darden,TB,WR,0,2,0,2,26,0,0,0,0,0,0,0,0,0,0,0,0,0,0,0,0,0,0,0
Donovan Peoples-Jones,CLE,WR,0,2,0,61,839,3,0,0,0,0,0,0,0,0,0,0,0,0,0,0,0,0,0,0
Peyton Hendershot,DAL,TE,0,2,1,11,103,2,0,0,0,0,0,0,0,0,0,0,0,0,0,0,0,0,0,0
Chigoziem Okonkwo,TEN,TE,0,2,0,32,450,3,0,0,0,0,0,0,0,0,0,0,0,0,0,0,0,0,0,0
Daniel Bellinger,NYG,TE,0,2,1,30,268,2,0,0,0,0,0,0,0,0,0,0,0,0,0,0,0,0,0,0
Durham Smythe,MIA,TE,0,1,1,15,129,1,0,0,0,0,0,0,0,0,0,0,0,0,0,0,0,0,0,0
Jordan Howard,NO,RB,0,1,0,0,0,0,0,0,0,0,0,0,0,0,0,0,0,0,0,0,0,0,0,0
Andy Isabella,ARI,WR,0,1,0,2,21,0,0,0,0,0,0,0,0,0,0,0,0,0,0,0,0,0,0,0
Quez Watkins,PHI,WR,0,1,0,33,354,3,0,0,0,0,0,0,0,0,0,0,0,0,0,0,0,0,0,0
Noah Gray,KC,TE,0,1,1,28,299,1,0,0,0,0,0,0,0,0,0,0,0,0,0,0,0,0,0,0
Marquise Brown,ARI,WR,0,1,0,67,709,3,0,0,0,0,0,0,0,0,0,0,0,0,0,0,0,0,0,0
Bryan Anger,DAL,P,0,0,0,0,0,0,0,0,0,0,0,0,0,0,0,0,0,0,0,0,0,0,0,0
Zach Pascal,PHI,WR,0,0,0,15,150,1,0,0,0,0,0,0,0,0,0,0,0,0,0,0,0,0,0,0
Clayton Fejedelem,MIA,S,0,0,0,0,0,0,0,0,0,0,0,0,0,0,0,0,0,0,0,0,0,0,0,0
Dallin Leavitt,GB,S,0,0,0,0,0,0,0,0,0,0,0,0,0,0,0,0,0,0,0,0,0,0,0,0
Andrew Beck,DEN,TE,0,0,0,5,69,0,0,0,0,0,0,0,0,0,0,0,0,0,0,0,0,0,0,0
Allen Lazard,GB,WR,0,0,0,60,788,6,0,0,0,0,0,0,0,0,0,0,0,0,0,0,0,0,0,0
Gerald Everett,LAC,TE,0,0,0,58,555,4,0,0,0,0,0,0,0,0,0,0,0,0,0,0,0,0,0,0
Feleipe Franks,ATL,TE,0,0,0,0,0,0,0,0,0,0,0,0,0,0,0,0,0,0,0,0,0,0,0,0
Kylen Granson,IND,TE,0,0,0,31,302,0,0,0,0,0,0,0,0,0,0,0,0,0,0,0,0,0,0,0
Tyler Badie,DEN,RB,0,0,0,1,24,1,0,0,0,0,0,0,0,0,0,0,0,0,0,0,0,0,0,0
Ihmir Smith-Marsette,KC,WR,0,-1,0,1,15,0,0,0,0,0,0,0,0,0,0,0,0,0,0,0,0,0,0,0
Wan'Dale Robinson,NYG,WR,0,-1,0,23,227,1,0,0,0,0,0,0,0,0,0,0,0,0,0,0,0,0,0,0
Ty Montgomery,NE,WR,0,-2,0,3,15,1,0,0,0,0,0,0,0,0,0,0,0,0,0,0,0,0,0,0
Matthias Farley,LV,S,0,-3,0,0,0,0,0,0,0,0,0,0,0,0,0,0,0,0,0,0,0,0,0,0
Stefon Diggs,BUF,WR,0,-3,0,108,1429,11,0,0,0,0,0,0,0,0,0,0,0,0,0,0,0,0,0,0
Marquez Valdes-Scantling,KC,WR,0,-3,0,42,687,2,0,0,0,0,0,0,0,0,0,0,0,0,0,0,0,0,0,0
Demetric Felton Jr,.CLE,RB,0,-4,0,2,8,0,0,0,0,0,0,0,0,0,0,0,0,0,0,0,0,0,0,0
Michael Woods IICL,E,WR,0,-5,0,5,45,0,0,0,0,0,0,0,0,0,0,0,0,0,0,0,0,0,0,0
Rondale Moore,ARI,WR,0,-5,0,41,414,1,0,0,0,0,0,0,0,0,0,0,0,0,0,0,0,0,0,0
Breshad Perriman,TB,WR,0,-7,0,9,110,1,0,0,0,0,0,0,0,0,0,0,0,0,0,0,0,0,0,0
Jahan Dotson,WSH,WR,0,-7,0,35,523,7,0,0,0,0,0,0,0,0,0,0,0,0,0,0,0,0,0,0
David Njoku,CLE,TE,0,-8,0,58,628,4,0,0,0,0,0,0,0,0,0,0,0,0,0,0,0,0,0,0
Jakobi Meyers,NE,WR,0,-11,0,67,804,6,1,0,0,0,0,0,0,0,0,0,0,0,0,0,0,0,0,0
DeAndre Carter,LAC,WR,0,-15,0,46,538,3,0,0,0,0,0,0,0,0,0,0,0,0,0,0,0,0,0,0
Michael Dickson,SEA,P,0,-18,0,0,0,0,1,0,0,0,0,0,0,0,0,0,0,0,0,0,0,0,0,0
A.J. Brown,PHI,WR,0,0,0,88,1496,11,0,0,0,0,0,0,0,0,0,0,0,0,0,0,0,0,0,0
DeVonta Smith,PHI,WR,0,0,0,95,1196,7,0,0,0,0,0,0,0,0,0,0,0,0,0,0,0,0,0,0
Mike Evans,TB,WR,0,0,0,77,1124,6,0,0,0,0,0,0,0,0,0,0,0,0,0,0,0,0,0,0
DK Metcalf,SEA,WR,0,0,0,90,1048,6,0,0,0,0,0,0,0,0,0,0,0,0,0,0,0,0,0,0
Chris Olave,NO,WR,0,0,0,72,1042,4,0,0,0,0,0,0,0,0,0,0,0,0,0,0,0,0,0,0
Tyler Lockett,SEA,WR,0,0,0,84,1033,9,0,0,0,0,0,0,0,0,0,0,0,0,0,0,0,0,0,0
Tee Higgins,CIN,WR,0,0,0,74,1029,7,0,0,0,0,0,0,0,0,0,0,0,0,0,0,0,0,0,0
JuJu Smith-Schuster,KC,WR,0,0,0,78,933,3,0,0,0,0,0,0,0,0,0,0,0,0,0,0,0,0,0,0
T.J. Hockenson,MIN,TE,0,0,0,86,914,6,0,0,0,0,0,0,0,0,0,0,0,0,0,0,0,0,0,0
Mike Williams,LAC,WR,0,0,0,63,895,4,0,0,0,0,0,0,0,0,0,0,0,0,0,0,0,0,0,0
Drake London,ATL,WR,0,0,0,72,866,4,0,0,0,0,0,0,0,0,0,0,0,0,0,0,0,0,0,0
Gabe Davis,BUF,WR,0,0,0,48,836,7,0,0,0,0,0,0,0,0,0,0,0,0,0,0,0,0,0,0
George Kittle,SF,TE,0,0,0,60,765,11,0,0,0,0,0,0,0,0,0,0,0,0,0,0,0,0,0,0
Pat Freiermuth,PIT,TE,0,0,0,63,732,2,0,0,0,0,0,0,0,0,0,0,0,0,0,0,0,0,0,0
Darius Slayton,NYG,WR,0,0,0,46,724,2,0,0,0,0,0,0,0,0,0,0,0,0,0,0,0,0,0,0
DeAndre Hopkins,ARI,WR,0,0,0,64,717,3,0,0,0,0,0,0,0,0,0,0,0,0,0,0,0,0,0,0
Dallas Goedert,PHI,TE,0,0,0,55,702,3,0,0,0,0,0,0,0,0,0,0,0,0,0,0,0,0,0,0
Tyler Higbee,LAR,TE,0,0,0,72,620,3,0,0,0,0,0,0,0,0,0,0,0,0,0,0,0,0,0,0
Alec Pierce,IND,WR,0,0,0,41,593,2,0,0,0,0,0,0,0,0,0,0,0,0,0,0,0,0,0,0
Dalton Schultz,DAL,TE,0,0,0,57,577,5,0,0,0,0,0,0,0,0,0,0,0,0,0,0,0,0,0,0
Noah Brown,DAL,WR,0,0,0,43,555,3,0,0,0,0,0,0,0,0,0,0,0,0,0,0,0,0,0,0
DeVante Parker,NE,WR,0,0,0,31,539,3,0,0,0,0,0,0,0,0,0,0,0,0,0,0,0,0,0,0
Corey Davis,NYJ,WR,0,0,0,32,536,2,0,0,0,0,0,0,0,0,0,0,0,0,0,0,0,0,0,0
Marvin Jones Jr.JA,X,WR,0,0,0,46,529,3,0,0,0,0,0,0,0,0,0,0,0,0,0,0,0,0,0,0
Robert Woods,TEN,WR,0,0,0,53,527,2,0,0,0,0,0,0,0,0,0,0,0,0,0,0,0,0,0,0
Dawson Knox,BUF,TE,0,0,0,48,517,6,0,0,0,0,0,0,0,0,0,0,0,0,0,0,0,0,0,0
Hunter Henry,NE,TE,0,0,0,41,509,2,0,0,0,0,0,0,0,0,0,0,0,0,0,0,0,0,0,0
Juwan Johnson,NO,TE,0,0,0,42,508,7,0,0,0,0,0,0,0,0,0,0,0,0,0,0,0,0,0,0
DJ Chark,DET,WR,0,0,0,30,502,3,0,0,0,0,0,0,0,0,0,0,0,0,0,0,0,0,0,0
Jordan Akins,HOU,TE,0,0,0,37,495,5,0,0,0,0,0,0,0,0,0,0,0,0,0,0,0,0,0,0
Terrace Marshall J,r.CAR,WR,0,0,0,28,490,1,0,0,0,0,0,0,0,0,0,0,0,0,0,0,0,0,0,0
Noah Fant,SEA,TE,0,0,0,50,486,4,0,0,0,0,0,0,0,0,0,0,0,0,0,0,0,0,0,0
Nico Collins,HOU,WR,0,0,0,37,481,2,0,0,0,0,0,0,0,0,0,0,0,0,0,0,0,0,0,0
Josh Reynolds,DET,WR,0,0,0,38,479,3,0,0,0,0,0,0,0,0,0,0,0,0,0,0,0,0,0,0
Robert Tonyan,GB,TE,0,0,0,53,470,2,0,0,0,0,0,0,0,0,0,0,0,0,0,0,0,0,0,0
Demarcus Robinson,BAL,WR,0,0,0,48,458,2,0,0,0,0,0,0,0,0,0,0,0,0,0,0,0,0,0,0
Austin Hooper,TEN,TE,0,0,0,41,444,2,0,0,0,0,0,0,0,0,0,0,0,0,0,0,0,0,0,0
Russell Gage,TB,WR,0,0,0,51,426,5,0,0,0,0,0,0,0,0,0,0,0,0,0,0,0,0,0,0
Michael Gallup,DAL,WR,0,0,0,39,424,4,0,0,0,0,0,0,0,0,0,0,0,0,0,0,0,0,0,0
Randall Cobb,GB,WR,0,0,0,34,417,1,0,0,0,0,0,0,0,0,0,0,0,0,0,0,0,0,0,0
Trent Sherfield,MIA,WR,0,0,0,30,417,2,0,0,0,0,0,0,0,0,0,0,0,0,0,0,0,0,0,0
Jauan Jennings,SF,WR,0,0,0,35,416,1,0,0,0,0,0,0,0,0,0,0,0,0,0,0,0,0,0,0
Hayden Hurst,CIN,TE,0,0,0,52,414,2,0,0,0,0,0,0,0,0,0,0,0,0,0,0,0,0,0,0
Greg Dulcich,DEN,TE,0,0,0,33,411,2,0,0,0,0,0,0,0,0,0,0,0,0,0,0,0,0,0,0
Zach Ertz,ARI,TE,0,0,0,47,406,4,0,0,0,0,0,0,0,0,0,0,0,0,0,0,0,0,0,0
Nick Westbrook-Ikhine,TEN,WR,0,0,0,25,397,3,0,0,0,0,0,0,0,0,0,0,0,0,0,0,0,0,0,0
Isaiah Hodgins,BUF,WR,0,0,0,37,392,4,0,0,0,0,0,0,0,0,0,0,0,0,0,0,0,0,0,0
Cade Otton,TB,TE,0,0,0,42,391,2,0,0,0,0,0,0,0,0,0,0,0,0,0,0,0,0,0,0
Darren Waller,LV,TE,0,0,0,28,388,3,0,0,0,0,0,0,0,0,0,0,0,0,0,0,0,0,0,0
Isaiah Likely,BAL,TE,0,0,0,36,373,3,0,0,0,0,0,0,0,0,0,0,0,0,0,0,0,0,0,0
Van Jefferson,LAR,WR,0,0,0,24,369,3,0,0,0,0,0,0,0,0,0,0,0,0,0,0,0,0,0,0
Nelson Agholor,NE,WR,0,0,0,31,362,2,0,0,0,0,0,0,0,0,0,0,0,0,0,0,0,0,0,0
Mike Gesicki,MIA,TE,0,0,0,32,362,5,0,0,0,0,0,0,0,0,0,0,0,0,0,0,0,0,0,0
Kyle Pitts,ATL,TE,0,0,0,28,356,2,0,0,0,0,0,0,0,0,0,0,0,0,0,0,0,0,0,0
Will Dissly,SEA,TE,0,0,0,34,349,3,0,0,0,0,0,0,0,0,0,0,0,0,0,0,0,0,0,0
Allen Robinson IIL,AR,WR,0,0,0,33,339,3,0,0,0,0,0,0,0,0,0,0,0,0,0,0,0,0,0,0
Hunter Renfrow,LV,WR,0,0,0,36,330,2,0,0,0,0,0,0,0,0,0,0,0,0,0,0,0,0,0,0
Sammy Watkins,BAL,WR,0,0,0,16,325,0,0,0,0,0,0,0,0,0,0,0,0,0,0,0,0,0,0,0
Logan Thomas,WSH,TE,0,0,0,39,323,1,0,0,0,0,0,0,0,0,0,0,0,0,0,0,0,0,0,0
Colby Parkinson,SEA,TE,0,0,0,25,322,2,0,0,0,0,0,0,0,0,0,0,0,0,0,0,0,0,0,0
Justin Watson,KC,WR,0,0,0,15,315,2,0,0,0,0,0,0,0,0,0,0,0,0,0,0,0,0,0,0
Jelani Woods,IND,TE,0,0,0,25,312,3,0,0,0,0,0,0,0,0,0,0,0,0,0,0,0,0,0,0
Shi Smith,CAR,WR,0,0,0,22,296,2,0,0,0,0,0,0,0,0,0,0,0,0,0,0,0,0,0,0
Rashod Bateman,BAL,WR,0,0,0,15,285,2,0,0,0,0,0,0,0,0,0,0,0,0,0,0,0,0,0,0
Robbie Anderson,ARI,WR,0,0,0,20,282,1,0,0,0,0,0,0,0,0,0,0,0,0,0,0,0,0,0,0
Tre'Quan Smith,NO,WR,0,0,0,19,278,1,0,0,0,0,0,0,0,0,0,0,0,0,0,0,0,0,0,0
Jarvis Landry,NO,WR,0,0,0,25,272,1,0,0,0,0,0,0,0,0,0,0,0,0,0,0,0,0,0,0
Damiere Byrd,ATL,WR,0,0,0,13,268,2,0,0,0,0,0,0,0,0,0,0,0,0,0,0,0,0,0,0
Trey McBride,ARI,TE,0,0,0,29,265,1,0,0,0,0,0,0,0,0,0,0,0,0,0,0,0,0,0,0
A.J. Green,ARI,WR,0,0,0,24,236,2,0,0,0,0,0,0,0,0,0,0,0,0,0,0,0,0,0,0
C.J. Uzomah,NYJ,TE,0,0,0,21,232,2,0,0,0,0,0,0,0,0,0,0,0,0,0,0,0,0,0,0
Brock Wright,DET,TE,0,0,0,18,216,4,0,0,0,0,0,0,0,0,0,0,0,0,0,0,0,0,0,0
David Bell,CLE,WR,0,0,0,24,214,0,0,0,0,0,0,0,0,0,0,0,0,0,0,0,0,0,0,0
Adam Trautman,NO,TE,0,0,0,18,207,1,0,0,0,0,0,0,0,0,0,0,0,0,0,0,0,0,0,0
KhaDarel Hodge,ATL,WR,0,0,0,13,202,1,0,0,0,0,0,0,0,0,0,0,0,0,0,0,0,0,0,0
Ian Thomas,CAR,TE,0,0,0,21,197,0,0,0,0,0,0,0,0,0,0,0,0,0,0,0,0,0,0,0
Mo Alie-Cox,IND,TE,0,0,0,19,189,3,0,0,0,0,0,0,0,0,0,0,0,0,0,0,0,0,0,0
Denzel Mims,NYJ,WR,0,0,0,11,186,0,0,0,0,0,0,0,0,0,0,0,0,0,0,0,0,0,0,0
Irv Smith Jr.,MIN,TE,0,0,0,25,182,2,0,0,0,0,0,0,0,0,0,0,0,0,0,0,0,0,0,0
Jalen Nailor,MIN,WR,0,0,0,9,179,1,0,0,0,0,0,0,0,0,0,0,0,0,0,0,0,0,0,0
Cameron Brate,TB,TE,0,0,0,20,174,0,0,0,0,0,0,0,0,0,0,0,0,0,0,0,0,0,0,0
Jake Ferguson,DAL,TE,0,0,0,19,174,2,0,0,0,0,0,0,0,0,0,0,0,0,0,0,0,0,0,0
Tommy Tremble,CAR,TE,0,0,0,19,174,3,0,0,0,0,0,0,0,0,0,0,0,0,0,0,0,0,0,0
Michael Thomas,NO,WR,0,0,0,16,171,3,0,0,0,0,0,0,0,0,0,0,0,0,0,0,0,0,0,0
Khalil Shakir,BUF,WR,0,0,0,10,161,1,0,0,0,0,0,0,0,0,0,0,0,0,0,0,0,0,0,0
Marquez Callaway,NO,WR,0,0,0,16,158,1,0,0,0,0,0,0,0,0,0,0,0,0,0,0,0,0,0,0
Sterling Shepard,NYG,WR,0,0,0,13,154,1,0,0,0,0,0,0,0,0,0,0,0,0,0,0,0,0,0,0
DeSean Jackson,BAL,WR,0,0,0,9,153,0,0,0,0,0,0,0,0,0,0,0,0,0,0,0,0,0,0,0
MyCole Pruitt,ATL,TE,0,0,0,16,150,4,0,0,0,0,0,0,0,0,0,0,0,0,0,0,0,0,0,0
Josh Oliver,BAL,TE,0,0,0,14,149,2,0,0,0,0,0,0,0,0,0,0,0,0,0,0,0,0,0,0
Eric Saubert,DEN,TE,0,0,0,15,148,1,0,0,0,0,0,0,0,0,0,0,0,0,0,0,0,0,0,0
O.J. Howard,HOU,TE,0,0,0,10,145,2,0,0,0,0,0,0,0,0,0,0,0,0,0,0,0,0,0,0
Keelan Cole,LV,WR,0,0,0,10,141,1,0,0,0,0,0,0,0,0,0,0,0,0,0,0,0,0,0,0
Tom Kennedy,DET,WR,0,0,0,8,141,0,0,0,0,0,0,0,0,0,0,0,0,0,0,0,0,0,0,0
Johnny Mundt,MIN,TE,0,0,0,19,140,1,0,0,0,0,0,0,0,0,0,0,0,0,0,0,0,0,0,0
Mitchell Wilcox,CIN,TE,0,0,0,17,139,1,0,0,0,0,0,0,0,0,0,0,0,0,0,0,0,0,0,0
Byron Pringle,CHI,WR,0,0,0,10,135,2,0,0,0,0,0,0,0,0,0,0,0,0,0,0,0,0,0,0
Dan Arnold,JAX,TE,0,0,0,9,135,0,0,0,0,0,0,0,0,0,0,0,0,0,0,0,0,0,0,0
Jeff Smith,NYJ,WR,0,0,0,8,134,0,0,0,0,0,0,0,0,0,0,0,0,0,0,0,0,0,0,0
Tanner Hudson,CIN,TE,0,0,0,10,132,0,0,0,0,0,0,0,0,0,0,0,0,0,0,0,0,0,0,0
Zach Gentry,PIT,TE,0,0,0,19,132,0,0,0,0,0,0,0,0,0,0,0,0,0,0,0,0,0,0,0
Donald Parham Jr.L,AC,TE,0,0,0,10,130,1,0,0,0,0,0,0,0,0,0,0,0,0,0,0,0,0,0,0
Brevin Jordan,HOU,TE,0,0,0,14,128,0,0,0,0,0,0,0,0,0,0,0,0,0,0,0,0,0,0,0
Jack Stoll,PHI,TE,0,0,0,11,123,0,0,0,0,0,0,0,0,0,0,0,0,0,0,0,0,0,0,0
T.Y. Hilton,DAL,WR,0,0,0,7,121,0,0,0,0,0,0,0,0,0,0,0,0,0,0,0,0,0,0,0
Pharaoh Brown,HOU,TE,0,0,0,12,117,0,0,0,0,0,0,0,0,0,0,0,0,0,0,0,0,0,0,0
N'Keal Harry,CHI,WR,0,0,0,7,116,1,0,0,0,0,0,0,0,0,0,0,0,0,0,0,0,0,0,0
Josiah Deguara,GB,TE,0,0,0,13,114,0,0,0,0,0,0,0,0,0,0,0,0,0,0,0,0,0,0,0
James Mitchell,DET,TE,0,0,0,11,113,1,0,0,0,0,0,0,0,0,0,0,0,0,0,0,0,0,0,0
Teagan Quitoriano,HOU,TE,0,0,0,7,113,2,0,0,0,0,0,0,0,0,0,0,0,0,0,0,0,0,0,0
Brycen Hopkins,LAR,TE,0,0,0,7,109,0,0,0,0,0,0,0,0,0,0,0,0,0,0,0,0,0,0,0
John Bates,WSH,TE,0,0,0,14,108,1,0,0,0,0,0,0,0,0,0,0,0,0,0,0,0,0,0,0
Jody Fortson,KC,TE,0,0,0,9,108,2,0,0,0,0,0,0,0,0,0,0,0,0,0,0,0,0,0,0
David Sills V,NYG,WR,0,0,0,11,106,0,0,0,0,0,0,0,0,0,0,0,0,0,0,0,0,0,0,0
Ross Dwelley,SF,TE,0,0,0,3,105,1,0,0,0,0,0,0,0,0,0,0,0,0,0,0,0,0,0,0
River Cracraft,MIA,WR,0,0,0,9,102,2,0,0,0,0,0,0,0,0,0,0,0,0,0,0,0,0,0,0
Anthony Firkser,ATL,TE,0,0,0,9,100,0,0,0,0,0,0,0,0,0,0,0,0,0,0,0,0,0,0,0
Giovanni Ricci,CAR,FB,0,0,0,8,100,0,0,0,0,0,0,0,0,0,0,0,0,0,0,0,0,0,0,0
Marcus Johnson,NYG,WR,0,0,0,9,99,0,0,0,0,0,0,0,0,0,0,0,0,0,0,0,0,0,0,0
Albert Okwuegbunam,DEN,TE,0,0,0,10,95,1,0,0,0,0,0,0,0,0,0,0,0,0,0,0,0,0,0,0
Cam Sims,WSH,WR,0,0,0,8,89,0,0,0,0,0,0,0,0,0,0,0,0,0,0,0,0,0,0,0
Parker Hesse,ATL,TE,0,0,0,9,89,0,0,0,0,0,0,0,0,0,0,0,0,0,0,0,0,0,0,0
Michael Bandy,LAC,WR,0,0,0,10,89,0,0,0,0,0,0,0,0,0,0,0,0,0,0,0,0,0,0,0
Quintin Morris,BUF,TE,0,0,0,8,84,1,0,0,0,0,0,0,0,0,0,0,0,0,0,0,0,0,0,0
Samori Toure,GB,WR,0,0,0,5,82,1,0,0,0,0,0,0,0,0,0,0,0,0,0,0,0,0,0,0
Kenny Golladay,NYG,WR,0,0,0,6,81,1,0,0,0,0,0,0,0,0,0,0,0,0,0,0,0,0,0,0
Grant Calcaterra,PHI,TE,0,0,0,5,81,0,0,0,0,0,0,0,0,0,0,0,0,0,0,0,0,0,0,0
Ko Kieft,TB,TE,0,0,0,7,80,1,0,0,0,0,0,0,0,0,0,0,0,0,0,0,0,0,0,0
Eric Tomlinson,DEN,TE,0,0,0,9,79,2,0,0,0,0,0,0,0,0,0,0,0,0,0,0,0,0,0,0
Marcus Jones,NE,CB,0,0,0,4,78,1,0,0,0,0,0,0,0,0,0,0,0,0,0,0,0,0,0,0
Kyle Philips,TEN,WR,0,0,0,8,78,0,0,0,0,0,0,0,0,0,0,0,0,0,0,0,0,0,0,0
Jalen Virgil,DEN,WR,0,0,0,2,75,1,0,0,0,0,0,0,0,0,0,0,0,0,0,0,0,0,0,0
Kevin White,NO,WR,0,0,0,2,74,0,0,0,0,0,0,0,0,0,0,0,0,0,0,0,0,0,0,0
Freddie Swain,MIA,WR,0,0,0,4,74,0,0,0,0,0,0,0,0,0,0,0,0,0,0,0,0,0,0,0
Tre' McKitty,LAC,TE,0,0,0,10,72,0,0,0,0,0,0,0,0,0,0,0,0,0,0,0,0,0,0,0
Reggie Gilliam,BUF,FB,0,0,0,8,69,1,0,0,0,0,0,0,0,0,0,0,0,0,0,0,0,0,0,0
Marcedes Lewis,GB,TE,0,0,0,6,66,2,0,0,0,0,0,0,0,0,0,0,0,0,0,0,0,0,0,0
Chris Myarick,NYG,FB,0,0,0,7,65,1,0,0,0,0,0,0,0,0,0,0,0,0,0,0,0,0,0,0
Jake Kumerow,BUF,WR,0,0,0,4,64,0,0,0,0,0,0,0,0,0,0,0,0,0,0,0,0,0,0,0
Jalen Guyton,LAC,WR,0,0,0,2,64,0,0,0,0,0,0,0,0,0,0,0,0,0,0,0,0,0,0,0
Jamison Crowder,BUF,WR,0,0,0,6,60,0,0,0,0,0,0,0,0,0,0,0,0,0,0,0,0,0,0,0
Shane Zylstra,DET,TE,0,0,0,11,60,4,0,0,0,0,0,0,0,0,0,0,0,0,0,0,0,0,0,0
Mike Strachan,IND,WR,0,0,0,3,59,0,0,0,0,0,0,0,0,0,0,0,0,0,0,0,0,0,0,0
Geoff Swaim,TEN,TE,0,0,0,12,58,1,0,0,0,0,0,0,0,0,0,0,0,0,0,0,0,0,0,0
Tyler Kroft,SF,TE,0,0,0,4,57,0,0,0,0,0,0,0,0,0,0,0,0,0,0,0,0,0,0,0
Nick Vannett,NO,TE,0,0,0,6,55,0,0,0,0,0,0,0,0,0,0,0,0,0,0,0,0,0,0,0
Cody Hollister,TEN,WR,0,0,0,3,54,0,0,0,0,0,0,0,0,0,0,0,0,0,0,0,0,0,0,0
Charlie Kolar,BAL,TE,0,0,0,4,49,0,0,0,0,0,0,0,0,0,0,0,0,0,0,0,0,0,0,0
Chris Conley,HOU,WR,0,0,0,4,46,0,0,0,0,0,0,0,0,0,0,0,0,0,0,0,0,0,0,0
Stephen Sullivan,CAR,TE,0,0,0,2,46,0,0,0,0,0,0,0,0,0,0,0,0,0,0,0,0,0,0,0
Andre Baccellia,ARI,WR,0,0,0,7,45,0,0,0,0,0,0,0,0,0,0,0,0,0,0,0,0,0,0,0
John Brown,BUF,WR,0,0,0,1,42,1,0,0,0,0,0,0,0,0,0,0,0,0,0,0,0,0,0,0
Chris Manhertz,JAX,TE,0,0,0,6,42,0,0,0,0,0,0,0,0,0,0,0,0,0,0,0,0,0,0,0
Laquon Treadwell,SEA,WR,0,0,0,6,42,0,0,0,0,0,0,0,0,0,0,0,0,0,0,0,0,0,0,0
Brandon Johnson,DEN,WR,0,0,0,6,42,1,0,0,0,0,0,0,0,0,0,0,0,0,0,0,0,0,0,0
Luke Farrell,JAX,TE,0,0,0,4,40,0,0,0,0,0,0,0,0,0,0,0,0,0,0,0,0,0,0,0
Mike Thomas,CIN,WR,0,0,0,2,38,0,0,0,0,0,0,0,0,0,0,0,0,0,0,0,0,0,0,0
Chris Evans,CIN,RB,0,0,0,3,38,1,0,0,0,0,0,0,0,0,0,0,0,0,0,0,0,0,0,0
Dax Milne,WSH,WR,0,0,0,6,37,1,0,0,0,0,0,0,0,0,0,0,0,0,0,0,0,0,0,0
Cole Beasley,BUF,WR,0,0,0,6,35,0,0,0,0,0,0,0,0,0,0,0,0,0,0,0,0,0,0,0
Kendall Blanton,KC,TE,0,0,0,2,35,0,0,0,0,0,0,0,0,0,0,0,0,0,0,0,0,0,0,0
Tylan Wallace,BAL,WR,0,0,0,4,33,0,0,0,0,0,0,0,0,0,0,0,0,0,0,0,0,0,0,0
Tim Jones,JAX,WR,0,0,0,3,30,0,0,0,0,0,0,0,0,0,0,0,0,0,0,0,0,0,0,0
Kyle Rudolph,TB,TE,0,0,0,3,28,1,0,0,0,0,0,0,0,0,0,0,0,0,0,0,0,0,0,0
Tyrie Cleveland,DEN,WR,0,0,0,2,28,0,0,0,0,0,0,0,0,0,0,0,0,0,0,0,0,0,0,0
Ryan Griffin,CHI,TE,0,0,0,4,26,0,0,0,0,0,0,0,0,0,0,0,0,0,0,0,0,0,0,0
Tyler Davis,GB,TE,0,0,0,4,26,0,0,0,0,0,0,0,0,0,0,0,0,0,0,0,0,0,0,0
Ben Ellefson,MIN,TE,0,0,0,3,26,0,0,0,0,0,0,0,0,0,0,0,0,0,0,0,0,0,0,0
Trevon Wesco,CHI,TE,0,0,0,2,26,0,0,0,0,0,0,0,0,0,0,0,0,0,0,0,0,0,0,0
Daylen Baldwin,CLE,WR,0,0,0,2,25,0,0,0,0,0,0,0,0,0,0,0,0,0,0,0,0,0,0,0
Dezmon Patmon,IND,WR,0,0,0,2,24,0,0,0,0,0,0,0,0,0,0,0,0,0,0,0,0,0,0,0
Simi Fehoko,DAL,WR,0,0,0,3,24,0,0,0,0,0,0,0,0,0,0,0,0,0,0,0,0,0,0,0
Dareke Young,SEA,WR,0,0,0,2,24,0,0,0,0,0,0,0,0,0,0,0,0,0,0,0,0,0,0,0
Cole Turner,WSH,TE,0,0,0,2,23,0,0,0,0,0,0,0,0,0,0,0,0,0,0,0,0,0,0,0
Cade Johnson,SEA,WR,0,0,0,2,21,0,0,0,0,0,0,0,0,0,0,0,0,0,0,0,0,0,0,0
Blake Bell,KC,TE,0,0,0,2,20,1,0,0,0,0,0,0,0,0,0,0,0,0,0,0,0,0,0,0
Keke Coutee,IND,WR,0,0,0,1,20,0,0,0,0,0,0,0,0,0,0,0,0,0,0,0,0,0,0,0
Penny Hart,SEA,WR,0,0,0,3,20,0,0,0,0,0,0,0,0,0,0,0,0,0,0,0,0,0,0,0
Lil'Jordan Humphrey,NE,WR,0,0,0,2,20,0,0,0,0,0,0,0,0,0,0,0,0,0,0,0,0,0,0,0
Jesper Horsted,LV,TE,0,0,0,3,19,0,0,0,0,0,0,0,0,0,0,0,0,0,0,0,0,0,0,0
Troy Hairston,HOU,DE,0,0,0,5,19,0,0,0,0,0,0,0,0,0,0,0,0,0,0,0,0,0,0,0
Maxx Williams,ARI,TE,0,0,0,3,18,0,0,0,0,0,0,0,0,0,0,0,0,0,0,0,0,0,0,0
Keith Kirkwood,NO,WR,0,0,0,2,18,0,0,0,0,0,0,0,0,0,0,0,0,0,0,0,0,0,0,0
Juwann Winfree,GB,WR,0,0,0,1,17,0,0,0,0,0,0,0,0,0,0,0,0,0,0,0,0,0,0,0
Stone Smartt,LAC,TE,0,0,0,4,17,0,0,0,0,0,0,0,0,0,0,0,0,0,0,0,0,0,0,0
Braylon Sanders,MIA,WR,0,0,0,2,17,0,0,0,0,0,0,0,0,0,0,0,0,0,0,0,0,0,0,0
Dennis Houston,DAL,WR,0,0,0,2,16,0,0,0,0,0,0,0,0,0,0,0,0,0,0,0,0,0,0,0
Quintez Cephus,DET,WR,0,0,0,2,15,0,0,0,0,0,0,0,0,0,0,0,0,0,0,0,0,0,0,0
Bryan Edwards,KC,WR,0,0,0,3,15,0,0,0,0,0,0,0,0,0,0,0,0,0,0,0,0,0,0,0
Frank Darby,ATL,WR,0,0,0,1,15,0,0,0,0,0,0,0,0,0,0,0,0,0,0,0,0,0,0,0
Nsimba Webster,CHI,WR,0,0,0,2,14,0,0,0,0,0,0,0,0,0,0,0,0,0,0,0,0,0,0,0
Austin Trammell,LAR,WR,0,0,0,2,13,0,0,0,0,0,0,0,0,0,0,0,0,0,0,0,0,0,0,0
Deonte Harty,NO,WR,0,0,0,2,13,0,0,0,0,0,0,0,0,0,0,0,0,0,0,0,0,0,0,0
Jake Gervase,LAR,LB,0,0,0,1,12,0,0,0,0,0,0,0,0,0,0,0,0,0,0,0,0,0,0,0
Jalen Tolbert,DAL,WR,0,0,0,2,12,0,0,0,0,0,0,0,0,0,0,0,0,0,0,0,0,0,0,0
Miles Boykin,PIT,WR,0,0,0,2,11,0,0,0,0,0,0,0,0,0,0,0,0,0,0,0,0,0,0,0
Sean McKeon,DAL,TE,0,0,0,2,11,0,0,0,0,0,0,0,0,0,0,0,0,0,0,0,0,0,0,0
Jakob Johnson,LV,FB,0,0,0,5,10,0,0,0,0,0,0,0,0,0,0,0,0,0,0,0,0,0,0,0
Stephen Anderson,ARI,TE,0,0,0,3,9,0,0,0,0,0,0,0,0,0,0,0,0,0,0,0,0,0,0,0
Penei Sewell,DET,OT,0,0,0,1,9,0,0,0,0,0,0,0,0,0,0,0,0,0,0,0,0,0,0,0
Tyron Johnson,CIN,WR,0,0,0,1,8,0,0,0,0,0,0,0,0,0,0,0,0,0,0,0,0,0,0,0
Jeremy Ruckert,NYJ,TE,0,0,0,1,8,0,0,0,0,0,0,0,0,0,0,0,0,0,0,0,0,0,0,0
Tommy Sweeney,BUF,TE,0,0,0,1,7,0,0,0,0,0,0,0,0,0,0,0,0,0,0,0,0,0,0,0
Maurice Alexander,DET,WR,0,0,0,1,7,0,0,0,0,0,0,0,0,0,0,0,0,0,0,0,0,0,0,0
Tyler Mabry,SEA,TE,0,0,0,1,7,1,0,0,0,0,0,0,0,0,0,0,0,0,0,0,0,0,0,0
Jalen Camp,HOU,WR,0,0,0,1,7,0,0,0,0,0,0,0,0,0,0,0,0,0,0,0,0,0,0,0
Mason Schreck,HOU,TE,0,0,0,2,6,0,0,0,0,0,0,0,0,0,0,0,0,0,0,0,0,0,0,0
C.J. Board,TEN,WR,0,0,0,1,6,0,0,0,0,0,0,0,0,0,0,0,0,0,0,0,0,0,0,0
Jacob Harris,LAR,WR,0,0,0,1,6,0,0,0,0,0,0,0,0,0,0,0,0,0,0,0,0,0,0,0
Ty'Son Williams,ARI,RB,0,0,0,1,5,0,0,0,0,0,0,0,0,0,0,0,0,0,0,0,0,0,0,0
Devin Asiasi,CIN,TE,0,0,0,2,5,0,0,0,0,0,0,0,0,0,0,0,0,0,0,0,0,0,0,0
,,WR,0,0,0,1,5,0,0,0,0,0,0,0,0,0,0,0,0,0,0,0,0,0,0,0
Richard Rodgers,LAC,TE,0,0,0,1,4,0,0,0,0,0,0,0,0,0,0,0,0,0,0,0,0,0,0,0
Kamu Grugier-Hill,ARI,LB,0,0,0,1,4,0,0,0,0,0,0,0,0,0,0,0,0,0,0,0,0,0,0,0
Mason Kinsey,TEN,WR,0,0,0,1,3,0,0,0,0,0,0,0,0,0,0,0,0,0,0,0,0,0,0,0
Erik Ezukanma,MIA,WR,0,0,0,1,3,0,0,0,0,0,0,0,0,0,0,0,0,0,0,0,0,0,0,0
Cody White,PIT,WR,0,0,0,1,2,0,0,0,0,0,0,0,0,0,0,0,0,0,0,0,0,0,0,0
Josh Gordon,TEN,WR,0,0,0,0,0,0,0,0,0,0,0,0,0,0,0,0,0,0,0,0,0,0,0,0
David Bakhtiari,GB,OT,0,0,0,0,0,0,0,0,0,0,0,0,0,0,0,0,0,0,0,0,0,0,0,0
Jack Conklin,CLE,OT,0,0,0,0,0,0,0,0,0,0,0,0,0,0,0,0,0,0,0,0,0,0,0,0
Tanner Gentry,BUF,WR,0,0,0,0,0,0,0,0,0,0,0,0,0,0,0,0,0,0,0,0,0,0,0,0
Khari Blasingame,CHI,FB,0,0,0,0,0,0,0,0,0,0,0,0,0,0,0,0,0,0,0,0,0,0,0,0
James Washington,DAL,WR,0,0,0,0,0,0,0,0,0,0,0,0,0,0,0,0,0,0,0,0,0,0,0,0
Stanley Morgan,CIN,WR,0,0,0,0,0,0,0,0,0,0,0,0,0,0,0,0,0,0,0,0,0,0,0,0
Noah Togiai,PHI,TE,0,0,0,0,0,0,0,0,0,0,0,0,0,0,0,0,0,0,0,0,0,0,0,0
Charlie Woerner,SF,TE,0,0,0,0,0,0,0,0,0,0,0,0,0,0,0,0,0,0,0,0,0,0,0,0
Miller Forristall,CLE,TE,0,0,0,0,0,0,0,0,0,0,0,0,0,0,0,0,0,0,0,0,0,0,0,0
Tanner Conner,MIA,TE,0,0,0,0,0,0,0,0,0,0,0,0,0,0,0,0,0,0,0,0,0,0,0,0
Lance McCutcheon,LAR,WR,0,0,0,0,0,0,0,0,0,0,0,0,0,0,0,0,0,0,0,0,0,0,0,0
Jake Tonges,CHI,TE,0,0,0,0,0,0,0,0,0,0,0,0,0,0,0,0,0,0,0,0,0,0,0,0
Josh Ali,ATL,WR,0,0,0,0,0,0,0,0,0,0,0,0,0,0,0,0,0,0,0,0,0,0,0,0
Drew Sample,CIN,TE,0,0,0,2,-2,0,0,0,0,0,0,0,0,0,0,0,0,0,0,0,0,0,0,0
